0,"a",61
0,"b",74
0,"c",85
0,"d",125
0,"e",152
0,"f",168
0,"g",180
0,"i",183
0,"l",188
0,"m",191
0,"n",197
0,"o",219
0,"p",228
0,"r",244
0,"s",277
0,"t",318
0,"u",348
0,"v",360
0,"w",373
0,"x",382
0,"0",2
0,"1",2
0,"2",2
0,"3",2
0,"4",2
0,"5",2
0,"6",2
0,"7",2
0,"8",2
0,"9",2
0,"<",29
0,">",33
0,"=",11
0,"+",13
0,"-",16
0,"*",21
0,"/",23
0,"%",25
0,"!",27
0,"&",37
0,"|",40
0,"~",43
0,"^",44
0,".",46
0,",",48
0,":",49
0,"[",51
0,"]",52
0,"#",53
0," ",6
0,";",6
0,"{",6
0,"}",6
0,"(",6
0,")",6
0,"\n",6
0,"'",7
0,"""",8
0,"default",0
1,"_",69
1,"8",92
1,"1",94
1,"3",96
1,"e",109
1,"i",114
1,"u",139
1,"default",0
2,"0",2
2,"1",2
2,"2",2
2,"3",2
2,"4",2
2,"5",2
2,"6",2
2,"7",2
2,"8",2
2,"9",2
2,"e",4
2,"E",4
2,".",3
2,"default",0
3,"0",2
3,"1",2
3,"2",2
3,"3",2
3,"4",2
3,"5",2
3,"6",2
3,"7",2
3,"8",2
3,"9",2
3,"default",0
4,"0",9
4,"1",9
4,"2",9
4,"3",9
4,"4",9
4,"5",9
4,"6",9
4,"7",9
4,"8",9
4,"9",9
4,"-",5
4,"+",5,
4,"default",0
5,"0",9
5,"1",9
5,"2",9
5,"3",9
5,"4",9
5,"5",9
5,"6",9
5,"7",9
5,"8",9
5,"9",9,
5,"default",0
6,"default",0
7,"'",2
7,"default",7
8,"""",2
8,"default",8
9,"0",9
9,"1",9
9,"2",9
9,"3",9
9,"4",9
9,"5",9
9,"6",9
9,"7",9
9,"8",9
9,"9",9,
9,"default",0
10,"default",0
11,"=",12,
11,"default",0
12,"default",0
13,"+",14
13,"=",15,
13,"default",0
14,"default",0
15,"default",0
16,"-",17
16,"=",18
16,">",19,
16,"default",0
17,"default",0
18,"default",0
19,"*",20,
19,"default",0
20,"default",0
21,"=",22,
21,"default",0
22,"default",0
23,"=",24,
23,"default",0
24,"default",0
25,"=",26,
25,"default",0
26,"default",0
27,"=",28,
27,"default",0
28,"default",0
29,"=",30
29,"<",31,
29,"default",0
30,"default",0
31,"=",32,
31,"default",0
32,"default",0
33,"=",34
33,">",35,
33,"default",0
34,"default",0
35,"=",36,
35,"default",0
36,"default",0
37,"&",38
37,"=",38,
37,"default",0
38,"default",0
39,"default",0
40,"|",41
40,"=",42,
40,"default",0
41,"default",0
42,"default",0
43,"default",0
44,"=",45,
44,"default",0
45,"default",0
46,"*",47,
46,"default",0
47,"default",0
48,"default",0
49,":",50,
49,"default",0
50,"default",0
51,"default",0
52,"default",0
53,"default",0
54,"default",0
55,"default",0
56,"default",0
57,"default",0
58,"default",0
59,"default",0
60,"default",0
61,"l",62
61,"n",68
61,"s",71
61,"u",72,
61,"default",0
62,"i",63,
62,"default",0
63,"g",64,
63,"default",0
64,"n",65,
64,"default",0
65,"a",66
65,"o",67,
65,"default",0
66,"s",1,
66,"default",0
67,"f",1,
67,"default",0
68,"d",1,
68,"default",0
69,"e",70,
69,"default",0
70,"q",1
70,"default",0
71,"m",1,
71,"default",0
72,"t",73,
72,"default",0
73,"o",1,
73,"default",0
74,"i",75
74,"o",80
74,"r",82,
74,"default",0
75,"t",76,
75,"default",0
76,"a",77
76,"o",79,
76,"default",0
77,"n",78,
77,"default",0
78,"d",1,
78,"default",0
79,"r",1,
79,"default",0
80,"o",81,
80,"default",0
81,"l",1,
81,"default",0
82,"e",83,
82,"default",0
83,"a",84,
83,"default",0
84,"k",1,
84,"default",0
85,"a",86
85,"h",90
85,"l",98
85,"o",101,
85,"default",0
86,"s",87
86,"t",88,
86,"default",0
87,"e",1,
87,"default",0
88,"c",89,
88,"default",0
89,"h",1,
89,"default",0
90,"a",91,
90,"default",0
91,"r",1
91,"default",0
92,"_",93
92,"default",0
93,"t",1
93,"default",0
94,"6",92
94,"default",0
95,"_",93
95,"default",0
96,"2",92
96,"default",0
97,"_",93
97,"default",0
98,"a",99
98,"default",0
99,"s",100
99,"default",0
100,"s",1
100,"default",0
101,"m",102
101,"n",104
101,"default",0
102,"p",103
102,"default",0
103,"l",1
103,"default",0
104,"c",105
104,"s",108
104,"t",121
104,"default",0
105,"e",106
105,"default",0
106,"p",107
106,"default",0
107,"t",1
107,"default",0
108,"t",1
108,"default",0
109,"v",110
109,"x",112
109,"default",0
110,"a",111
110,"default",0
111,"l",1
111,"default",0
112,"p",113
112,"default",0
113,"r",1
113,"default",0
114,"n",115
114,"default",0
115,"i",116
115,"default",0
116,"t",1
116,"default",0
117,"c",118
117,"default",0
118,"a",119
118,"default",0
119,"s",120
119,"default",0
120,"t",1
120,"default",0
121,"i",122
121,"default",0
122,"n",123
122,"default",0
123,"u",124
123,"default",0
124,"e",1
124,"default",0
125,"e",126,
125,"o",1,
125,"y",142
125,"default",0
126,"c",127,
126,"f",132,
126,"l",136
126,"default",0
127,"l",128
127,"default",0
128,"t",129
128,"default",0
129,"y",130
129,"default",0
130,"p",131
130,"default",0
131,"e",1
131,"default",0
132,"a",133
132,"default",0
133,"u",134
133,"default",0
134,"l",135
134,"default",0
135,"t",1
135,"default",0
136,"e",137
136,"default",0
137,"t",138
137,"default",0
138,"e",1
138,"default",0
139,"b",140
139,"default",0
140,"l",141
140,"default",0
141,"e",1
141,"default",0
142,"n",143
142,"default",0
143,"a",144
143,"default",0
144,"m",145
144,"default",0
145,"i",146
145,"default",0
146,"c",147
146,"default",0
147,"_",148
147,"default",0
148,"c",149
148,"default",0
149,"a",150
149,"default",0
150,"s",151
150,"default",0
151,"t",1
151,"default",0
152,"l",153,
152,"n",155,
152,"x",157
152,"default",0
153,"s",154
153,"default",0
154,"e",1
154,"default",0
155,"u",156
155,"default",0
156,"m",1
156,"default",0
157,"p",158,
157,"t",165
157,"default",0
158,"l",159,
158,"o",163
158,"default",0
159,"i",160
159,"default",0
160,"c",161
160,"default",0
161,"i",162
161,"default",0
162,"t",1
162,"default",0
163,"r",164
163,"default",0
164,"t",1
164,"default",0
165,"e",166
165,"default",0
166,"r",167
166,"default",0
167,"n",1
167,"default",0
168,"a",169,
168,"l",172,
168,"o",175,
168,"r",176
168,"default",0
169,"l",170
169,"default",0
170,"s",171
170,"default",0
171,"e",1
171,"default",0
172,"o",173
172,"default",0
173,"a",174
173,"default",0
174,"t",1
174,"default",0
175,"r",1
175,"default",0
176,"i",177
176,"default",0
177,"e",178
177,"default",0
178,"n",179
178,"default",0
179,"d",1
179,"default",0
180,"o",181
180,"default",0
181,"t",182
181,"default",0
182,"o",1
182,"default",0
183,"f",1,
183,"n",184
183,"default",0
184,"l",185,
184,"t",1
184,"default",0
185,"i",186
185,"default",0
186,"n",187
185,"default",0
187,"e",1
187,"default",0
188,"o",189
188,"default",0
189,"n",190
189,"default",0
190,"g",1
190,"default",0
191,"u",192
191,"default",0
192,"t",193
192,"default",0
193,"a",194
193,"default",0
194,"b",195
194,"default",0
195,"l",196
195,"default",0
196,"e",1
196,"default",0
197,"a",198,
197,"e",205,
197,"o",206,
197,"u",214
197,"default",0
198,"m",199
198,"default",0
199,"e",200
199,"default",0
200,"s",201
200,"default",0
201,"p",202
201,"default",0
202,"a",203
202,"default",0
203,"c",204
203,"default",0
204,"e",1
204,"default",0
205,"w",1
205,"default",0
206,"e",207,
206,"t",1
206,"default",0
207,"x",208
207,"default",0
208,"c",209
208,"default",0
209,"e",210
209,"default",0
210,"p",211
210,"default",0
211,"t",1
211,"default",0
212,"e",213
212,"default",0
213,"q",1
213,"default",0
214,"l",215
214,"default",0
215,"l",216
215,"default",0
216,"p",217
216,"default",0
217,"t",218
217,"default",0
218,"r",1
218,"default",0
219,"p",220,
219,"r",1
219,"default",0
220,"e",221
220,"default",0
221,"r",222
221,"default",0
222,"a",223
222,"default",0
223,"t",224
223,"default",0
224,"o",225
224,"default",0
225,"r",1
225,"default",0
226,"e",227
226,"default",0
227,"q",1
227,"default",0
228,"r",229,
228,"u",240
228,"default",0
229,"i",230,
229,"o",234
229,"default",0
230,"v",231
230,"default",0
231,"a",232
231,"default",0
232,"t",233
232,"default",0
233,"e",1
233,"default",0
234,"t",235
234,"default",0
235,"e",236
235,"default",0
236,"c",237
236,"default",0
237,"t",238
237,"default",0
238,"e",239
238,"default",0
239,"d",1
239,"default",0
240,"b",241
240,"default",0
241,"l",242
241,"default",0
242,"i",243
242,"default",0
243,"c",1
243,"default",0
244,"e",245
244,"default",0
245,"f",246,
245,"g",251,
245,"i",256,
245,"q",269,
245,"t",274
245,"default",0
246,"l",247
246,"default",0
247,"e",248
247,"default",0
248,"x",249
248,"default",0
249,"p",250
249,"default",0
250,"r",1
250,"default",0
251,"i",252
251,"default",0
252,"s",253
252,"default",0
253,"t",254
253,"default",0
254,"e",255
254,"default",0
255,"r",1
255,"default",0
256,"n",257
256,"default",0
257,"t",258
257,"default",0
258,"e",259
258,"default",0
259,"r",260
259,"default",0
260,"p",261
260,"default",0
261,"r",262
261,"default",0
262,"e",263
262,"default",0
263,"t",264
263,"default",0
264,"_",265
264,"default",0
265,"c",266
265,"default",0
266,"a",267
266,"default",0
267,"s",268
267,"default",0
268,"t",1
268,"default",0
269,"u",270
269,"default",0
270,"i",271
270,"default",0
271,"r",272
271,"default",0
272,"e",273
272,"default",0
273,"s",1
273,"default",0
274,"u",275
274,"default",0
275,"r",276
275,"default",0
276,"n",1
276,"default",0
277,"h",278,
277,"i",281,
277,"t",288,
277,"w",304,
277,"y",308
277,"default",0
278,"o",279
278,"default",0
279,"r",280
279,"default",0
280,"t",1
280,"default",0
281,"g",282,
281,"z",285
281,"default",0
282,"n",283
282,"default",0
283,"e",284
283,"default",0
284,"d",1
284,"default",0
285,"e",286
285,"default",0
286,"o",287
286,"default",0
287,"f",1
287,"default",0
288,"a",289,
288,"r",301
288,"default",0
289,"t",290
289,"default",0
290,"i",291
290,"default",0
291,"c",1
291,"default",0
292,"a",293,
292,"c",298
292,"default",0
293,"s",294
293,"default",0
294,"s",295
294,"default",0
295,"e",296
295,"default",0
296,"r",297
296,"default",0
297,"t",1
297,"default",0
298,"a",299
298,"default",0
299,"s",300
299,"default",0
300,"t",1
300,"default",0
301,"u",302
301,"default",0
302,"c",303
302,"default",0
303,"t",1
303,"default",0
304,"i",305
304,"default",0
305,"t",306
305,"default",0
306,"c",307
306,"default",0
307,"h",1
307,"default",0
308,"n",309
308,"default",0
309,"c",310
309,"default",0
310,"h",311
310,"default",0
311,"r",312
311,"default",0
312,"o",313
312,"default",0
313,"n",314
313,"default",0
314,"i",315
314,"default",0
315,"z",316
315,"default",0
316,"e",317
316,"default",0
317,"d",1
317,"default",0
318,"e",319,
318,"h",325,
318,"r",337,
318,"y",339
318,"default",0
319,"m",320
319,"default",0
320,"p",321
320,"default",0
321,"l",322
321,"default",0
322,"a",323
322,"default",0
323,"t",324
323,"default",0
324,"e",1
324,"default",0
325,"i",326,
325,"r",327
325,"default",0
326,"s",1
326,"default",0
327,"e",328,
327,"o",336
327,"default",0
328,"a",329
328,"default",0
329,"d",330
329,"default",0
330,"_",331
330,"default",0
331,"l",332
331,"default",0
332,"o",333
332,"default",0
333,"c",334
333,"default",0
334,"a",335
334,"default",0
335,"l",1
335,"default",0
336,"w",1
336,"default",0
337,"u",338,
337,"y",1
337,"default",0
338,"e",1
338,"default",0
339,"p",340
339,"default",0
340,"e",341
340,"default",0
341,"d",342,
341,"i",344,
341,"n",345
341,"default",0
342,"e",343
342,"default",0
343,"f",1
343,"default",0
344,"d",1
344,"default",0
345,"a",346
345,"default",0
346,"m",347
346,"default",0
347,"e",1
347,"default",0
348,"n",349,
348,"s",357
348,"default",0
349,"i",350,
349,"s",352
349,"default",0
350,"o",351
350,"default",0
351,"n",1
351,"default",0
352,"i",353
352,"default",0
353,"g",354
353,"default",0
354,"n",355
354,"default",0
355,"e",356,
355,"default",0
356,"d",1,
356,"default",0
357,"i",358,
357,"default",0
358,"n",359,
358,"default",0
359,"g",1,
359,"default",0
360,"i",361,
360,"o",366,
360,"default",0
361,"r",362,
361,"default",0
362,"t",363,
362,"default",0
363,"u",364,
363,"default",0
364,"a",365,
364,"default",0
365,"l",1,
365,"default",0
366,"i",367,
366,"l",368,
366,"default",0
367,"d",1,
367,"default",0
368,"a",369,
368,"default",0
369,"t",370,
369,"default",0
370,"i",371,
370,"default",0
371,"l",372,
371,"default",0
372,"e",1,
372,"default",0
373,"c",374,
373,"h",379,
373,"default",0
374,"h",375,
374,"default",0
375,"a",376,
375,"default",0
376,"r",377,
376,"default",0
377,"_",378,
377,"default",0
378,"t",1,
378,"default",0
379,"i",380,
379,"default",0
380,"l",381,
380,"default",0
381,"e",1,
381,"default",0
382,"o",383,
382,"default",0
383,"r",1,
383,"default",0
384,"e",385,
384,"default",0
385,"q",1
385,"default",0